iid,cluster
7683,3
8678,16
7319,6
2261,12
6870,15
2550,8
6823,8
8830,15
3890,17
1670,10
5743,6
1379,15
5661,16
8677,12
4498,6
7379,16
5704,6
5478,6
6313,12
5064,0
7443,12
9784,12
8367,16
1092,18
8619,13
9212,0
7016,12
4590,15
5278,15
8322,15
1381,16
4489,6
8182,13
4529,15
2430,16
8545,14
4967,16
6492,6
3762,12
1984,6
8870,12
3267,10
3354,6
7236,16
7599,15
1690,0
2611,13
7997,10
4981,4
4533,6
1881,6
7872,6
3738,0
5304,0
9478,6
8160,6
1164,6
5166,14
7618,13
5870,16
8614,15
9546,16
9523,15
6532,10
4881,6
5908,15
1732,0
9897,0
2878,10
8481,6
9723,15
8293,15
9666,16
5966,15
4895,15
4190,0
8878,17
5756,0
4570,12
4108,12
9860,6
4762,0
5434,6
8917,11
6757,15
3433,18
4130,0
5407,0
1219,3
4281,6
5188,12
3029,6
2114,18
3617,6
9233,0
9189,5
3682,3
8834,15
7149,17
2260,10
7930,15
1676,16
2030,12
3212,16
4510,15
3133,16
4903,12
1542,6
2890,13
4956,16
2626,16
6722,16
7933,18
3071,0
2904,16
7399,6
7234,12
7089,12
3530,17
7733,15
8428,6
5017,6
7881,6
6567,18
7595,12
4758,15
4703,12
8403,15
1927,15
1298,6
2830,16
5252,10
9333,16
1345,15
9094,16
9400,16
4820,12
8797,6
6561,15
1796,12
9582,12
4609,15
6363,6
1665,6
5142,16
1242,6
4445,6
2612,12
7404,15
1797,6
6498,15
3366,0
4576,6
8536,14
6039,13
9839,10
3888,10
5229,15
2635,15
1609,6
4387,0
3189,13
5821,16
5493,16
8993,14
2810,13
5199,0
8958,15
3122,0
8888,15
1664,15
7570,6
5378,16
2719,6
3384,15
9282,12
1133,17
2424,6
4799,16
2326,6
5681,15
5916,5
4978,15
9569,16
6060,14
2007,5
2335,12
8986,6
2819,10
4007,15
8719,10
4602,15
7810,0
5330,16
2329,15
8722,6
1723,15
6855,16
3220,15
8713,6
5594,16
1634,12
6340,10
8839,12
4096,5
3573,10
3299,16
7182,6
1630,16
7738,12
2729,12
8733,6
2849,12
7034,18
7660,10
4753,12
1629,16
8701,16
6371,15
7848,6
5620,13
2002,6
4083,6
5837,5
2975,0
6405,15
9661,16
7140,0
4504,5
9224,6
8587,14
3628,6
7649,18
7390,18
9012,18
4153,15
2755,5
5297,13
5119,10
9096,16
4883,6
2751,6
8952,6
1992,12
6588,0
4633,6
3837,0
8224,13
4573,12
5997,16
7557,16
1253,6
4393,16
2389,15
6201,0
6291,14
3244,6
9234,5
5667,16
2833,15
8838,6
4360,10
6864,6
9687,6
1473,15
1230,15
4547,6
2381,15
3364,0
5344,12
9253,10
4670,12
1506,16
2820,17
5530,16
7700,3
2919,15
6295,12
7727,6
4092,6
8938,17
1710,15
7932,6
3359,16
8254,16
9102,12
7854,0
5606,5
1581,15
4095,15
5320,16
9530,12
2862,0
3276,6
5783,5
8169,6
4188,15
3343,16
6421,15
3061,6
7594,6
9989,6
5364,0
7657,12
2037,16
3829,6
1794,16
3789,12
8286,6
6643,15
1214,12
9859,6
1343,13
9071,16
9381,15
1746,17
4223,12
2196,0
9820,6
6084,13
8908,15
1417,6
9789,15
5167,16
6004,16
1063,15
1178,12
3014,12
9295,16
6558,12
1413,6
6701,16
7638,15
3974,16
5638,16
9177,10
3954,10
9484,15
1975,12
3552,6
6100,13
8629,12
2574,6
2876,12
6248,12
8195,16
5173,15
6240,15
1146,15
8095,16
3009,6
7421,15
9849,6
6678,0
1987,12
2004,5
5951,13
8123,6
1395,6
6129,12
6310,12
6914,6
1160,12
7401,18
2435,12
8854,15
3696,0
5649,15
7471,12
8181,10
7490,13
4075,15
8770,15
5357,16
5300,6
5231,6
3753,12
5011,12
1338,16
4486,6
7176,6
4252,4
2116,0
7973,12
8058,12
7277,12
1023,15
6362,6
3980,0
3885,16
9564,5
6565,16
1907,12
7632,6
9500,16
4338,12
6167,16
6191,12
8622,10
5307,6
5070,18
8509,0
7325,16
2989,6
1819,16
6745,15
2471,6
4765,12
8800,6
4089,15
5110,15
3884,6
2925,18
8876,12
2390,6
1243,15
1715,16
8824,13
3539,15
2274,15
2258,16
9417,5
6143,6
5996,6
8704,6
3075,12
5446,12
3166,3
9166,12
5351,16
5829,15
8088,12
7360,15
3840,5
6604,0
7271,12
1833,0
3946,16
4125,13
7664,12
6754,4
3507,6
9835,6
7844,5
9585,0
3849,13
7209,0
3022,6
6006,10
6285,0
8392,6
1083,0
8034,12
5206,6
3001,5
6128,6
5841,6
5696,6
7696,12
4555,0
1311,12
3705,12
7855,16
2978,0
8375,6
1033,17
5518,0
2605,6
5183,0
8405,6
1965,12
2909,16
5995,12
7225,12
5877,17
2505,4
6807,15
3583,15
4536,6
3105,10
1365,10
9864,14
3462,3
2730,6
8785,16
8447,16
3054,6
2399,12
9505,6
3363,12
6778,10
6630,15
8843,16
9065,13
4596,16
6341,6
9846,17
7461,16
7986,6
1062,4
4493,16
4035,16
9210,15
3636,3
8028,17
1996,6
5299,16
6541,16
8218,6
6747,7
2737,16
5472,0
6083,0
9852,6
3745,6
7668,6
6370,12
6837,0
3340,6
3358,4
8795,6
4432,5
7641,4
1024,3
7045,6
5194,6
5270,6
7918,12
9612,12
6112,0
6276,10
2302,12
9896,0
7530,16
8567,5
9991,0
8825,16
3565,10
7529,14
8118,10
2724,10
3676,12
4359,6
3202,5
7792,12
8616,10
1418,16
3203,18
2985,6
9408,16
7926,12
4088,6
3399,6
4208,6
3882,10
7910,10
8199,0
8080,15
6559,15
4490,12
1864,16
5059,6
5118,16
6481,12
9636,12
1484,12
7370,16
2865,10
4258,13
5621,16
3952,12
2568,15
8025,6
3092,12
2620,16
5112,13
6505,6
3618,16
3554,5
6585,14
4053,16
8335,10
2370,10
9945,13
4025,10
5273,12
9292,16
4232,6
6467,10
8284,6
6867,13
2291,12
1636,10
6172,18
9886,4
2960,6
7578,6
9289,17
8771,5
4111,15
1129,16
5500,15
4768,12
4164,4
2857,17
8092,14
5719,15
3545,16
1923,0
4308,12
8676,6
9847,6
3668,0
8455,12
4331,12
2823,6
5935,12
2398,6
3997,6
4508,16
3647,16
9239,6
8643,15
7868,12
8734,3
2743,13
3274,16
3927,15
1426,6
7084,0
5393,14
5657,13
6461,16
8822,3
1779,3
2547,15
2950,6
4930,0
3817,16
3571,6
6904,0
4379,12
5796,12
6367,15
3879,6
2303,0
5741,15
2552,0
8246,0
3215,13
2513,6
3798,6
8067,4
7987,12
4073,17
4658,10
8798,12
6810,0
8689,16
6017,16
6033,14
1633,0
6732,6
5693,12
8499,0
9293,0
1671,16
6578,3
5601,12
9981,15
3694,12
6734,6
3767,15
9751,6
3231,14
2508,13
2102,0
5163,14
3499,12
2806,14
5349,14
8975,16
6525,17
2977,12
6598,15
7504,16
8250,15
1115,6
9394,6
8188,6
8633,18
7075,0
2518,17
1455,3
2257,12
4551,12
5465,18
8102,16
7697,12
5607,12
2895,12
4396,12
7805,18
7912,16
6316,18
5628,16
6843,13
4653,4
1812,17
7567,0
4697,16
9348,12
3442,0
2372,16
8555,13
5860,18
4044,12
1011,3
5603,12
9540,3
8818,6
3994,0
1130,0
2533,13
5596,10
9875,5
4063,16
3880,17
4622,12
4628,12
2959,5
9854,6
9573,10
1373,0
2061,16
6716,0
8484,5
4886,10
5033,3
9020,0
6400,6
5634,16
8930,10
7689,3
5906,10
5006,4
5575,6
9610,15
8921,6
7672,6
9694,6
7060,6
3750,15
2913,18
6187,10
9152,16
9992,10
9471,16
4098,3
5479,13
4391,18
5964,16
7870,6
5884,6
6949,3
8360,5
7001,12
8753,12
5379,0
4076,10
6488,6
8960,3
2530,17
2146,10
8974,12
8126,3
9194,15
8115,5
8889,18
5126,3
3374,12
8714,12
4408,0
1026,14
7563,3
4521,12
1652,5
5053,18
4823,10
6693,6
9336,6
4904,14
8011,6
9967,18
4019,6
5391,12
8258,13
4994,6
7395,16
6840,18
6281,6
5890,16
2122,16
2824,10
9419,18
5399,12
2503,16
6572,15
4439,13
7989,6
7153,12
5617,13
5733,16
3796,6
3935,13
8245,6
4914,15
2236,12
9529,16
1512,16
5397,12
3721,3
7334,12
8270,6
2150,10
8617,12
1880,10
9214,10
7742,16
2009,0
7403,5
6166,10
2415,6
2164,12
1389,3
4650,6
8210,6
2563,16
1591,12
9700,6
2915,6
4042,6
3178,6
3558,16
6789,12
6193,16
6632,6
8498,13
6500,10
5047,5
1364,12
8364,6
6570,6
6359,0
1496,15
2216,12
3091,16
2166,16
6686,6
5845,12
3559,5
8589,12
4506,16
7828,15
9946,12
7374,17
6301,12
1595,10
7289,16
9494,6
8650,16
7232,12
5115,0
9729,0
8280,5
9565,13
3326,12
2153,6
4269,16
9245,16
8514,10
7377,0
3763,16
5009,16
8877,12
2003,18
4023,14
3546,10
1677,12
7748,6
4441,10
8706,14
7538,16
9932,17
2029,15
3909,5
3015,6
1689,6
4882,6
1149,12
1982,0
6024,3
5430,12
4733,10
9635,3
5002,18
7651,4
5715,13
3809,5
4964,10
8192,13
7551,0
9940,3
3084,6
2606,6
1321,15
7763,16
9781,10
7937,3
3180,13
7167,17
4046,6
8292,6
7948,17
7159,6
4905,12
9993,6
3598,6
6149,15
6925,12
4690,10
1346,10
9892,14
9878,15
8989,16
3557,16
3085,0
8040,5
9304,16
4970,12
5561,16
9642,6
4340,16
9483,6
9578,15
8135,0
6609,16
5768,16
4606,6
9033,12
1100,6
8674,5
6050,12
3452,10
2868,12
7661,17
9025,12
1840,12
7125,17
4542,6
7137,12
1095,5
8671,13
1735,6
6876,17
3280,19
6901,12
8454,18
2871,16
6075,0
6043,6
8339,12
6158,6
7496,13
7719,6
5237,10
3855,10
9315,10
6103,17
4878,16
8837,4
6792,9
6003,12
8042,6
8703,16
2796,0
3222,9
3644,16
4640,6
3724,12
9975,15
2272,16
5886,13
2636,12
2189,5
6633,16
2035,6
7391,5
7451,6
1719,6
7416,16
5403,6
2930,6
1380,16
6337,4
7308,13
3653,15
7798,0
5314,13
2509,0
8842,6
2490,17
4352,12
5851,3
3494,10
8855,12
8312,14
6829,14
8894,6
7195,0
3184,6
3575,17
6902,12
9176,16
3043,13
8359,14
2344,12
6054,0
7254,6
5949,6
4612,16
8741,18
7057,12
4279,12
4793,16
5151,16
1565,0
3034,12
7430,12
4297,15
2203,12
8217,0
2077,16
7787,16
8802,3
7402,6
8898,6
7589,16
9223,17
4266,17
3788,13
1612,12
3214,12
6971,15
5806,16
6418,6
7359,6
4135,15
6720,3
4265,6
3044,16
2407,16
1536,12
6977,0
2493,16
5212,15
9232,6
2297,12
7520,13
8675,16
1694,6
4491,12
5021,16
2758,5
6813,6
7830,6
9904,6
6905,16
2928,7
6613,6
9933,12
2739,6
9490,16
4580,10
2468,6
3854,13
2477,15
9536,16
2507,18
5347,12
8130,17
7819,16
1709,16
7665,16
2427,17
9951,18
1209,10
7688,14
9157,3
8426,6
8807,0
1810,12
9710,13
9589,6
8152,18
7157,5
5409,5
4446,4
3026,10
4674,12
1332,0
1922,10
9754,5
8074,10
4421,6
1292,12
2699,16
7711,12
9753,18
6013,16
3426,10
6736,16
1407,12
3886,14
9711,12
7312,4
6407,16
7843,12
7367,12
7315,6
3349,5
6775,5
9758,3
4480,16
1834,6
4449,16
7350,6
5346,6
5218,6
2504,10
3353,12
9087,15
3427,18
9519,12
4685,12
1911,15
7743,0
7197,12
8608,10
1752,16
5776,6
1621,16
2746,6
8615,16
9273,0
9501,10
9228,13
4343,11
4271,16
9331,4
6414,14
6392,0
3422,10
4913,3
6533,0
3006,10
7677,10
1431,16
8512,16
9268,18
3441,16
3145,16
6117,6
4669,18
7998,17
1145,5
8731,6
1136,10
9679,12
1897,0
1460,16
3260,6
7199,3
7533,4
4724,12
8203,0
3460,12
9557,12
8350,14
8381,12
5323,10
2088,3
7228,5
8972,4
6653,13
7285,0
7130,12
4091,13
5713,0
4511,10
9242,0
5588,0
6989,6
1184,10
3038,15
7180,15
5880,16
1597,6
8501,6
7013,0
6314,4
3004,6
7306,18
1930,17
2141,12
6583,13
9246,16
1476,14
3611,10
6450,6
5107,10
1112,16
8029,6
1220,13
7535,12
6085,13
9131,3
6122,10
8370,16
5439,5
8844,16
9267,14
1730,6
3752,16
2912,12
9995,16
5422,14
5565,10
2104,12
9941,4
4631,16
9309,17
2228,17
4492,12
1639,6
8054,12
9305,6
9059,16
7188,13
3048,10
8746,16
6213,16
2954,18
8443,12
5373,6
6457,13
3186,12
9671,6
8590,6
7316,0
2672,12
3095,6
8789,10
7150,13
8968,6
1245,13
4273,6
5912,12
5721,0
8779,17
1960,12
2342,10
7537,16
5290,3
2464,12
5265,17
3251,17
9775,12
1675,10
6177,12
5516,5
8158,13
1249,16
6988,6
6480,13
2639,10
8291,0
5937,12
3465,0
7656,10
4270,12
8138,12
5090,17
8792,0
2489,12
5223,6
2163,16
3210,6
5925,3
6654,6
8791,0
9767,6
2892,6
9353,6
4727,12
1589,6
5691,13
4459,0
2764,16
3296,12
4694,10
4784,6
5676,12
2265,16
3380,16
1405,16
4933,10
9457,0
6356,16
5441,6
5843,12
1325,12
2117,6
2548,6
2444,10
6719,12
2139,5
5092,5
9706,12
4289,10
6208,6
1955,13
8354,14
8560,18
2844,17
6402,0
7936,12
1264,12
9973,0
1435,10
9290,6
1974,10
2362,10
2898,0
9476,5
4772,6
9579,12
3396,16
8491,13
5488,0
5068,10
6972,16
3453,6
2942,14
1829,10
6044,17
6887,13
6788,3
6247,6
6920,12
3746,6
5798,10
4801,12
7917,4
4525,0
1731,13
1134,16
9462,3
1265,6
8847,12
6875,6
2332,0
1918,6
1317,0
1060,10
2688,6
6849,6
6862,6
8310,5
4717,16
2089,12
6218,16
9705,5
8640,12
4792,0
1420,16
7356,6
9779,0
7544,6
6225,10
2674,16
2723,6
6493,12
8891,12
7715,13
2732,12
6969,6
7543,18
2466,12
3117,16
1372,5
8667,17
5520,5
2115,10
5242,16
5921,10
9392,16
7077,12
8738,10
7047,10
1912,6
4558,12
1515,10
3970,6
4404,16
6485,0
8276,16
1453,0
7892,6
5263,12
3493,16
1005,5
8623,12
7562,10
7473,13
4176,0
4484,15
4017,12
2231,0
9164,6
9263,6
1162,16
2168,10
9801,0
5868,4
7348,13
9717,10
6586,6
2882,12
2728,15
4861,12
7781,6
7988,16
6752,12
4595,16
5028,16
3312,10
8806,12
2604,6
1739,16
8019,15
5076,6
6305,12
9134,6
2406,13
1631,16
4272,6
7906,6
6573,15
4557,16
2178,14
4790,3
6317,16
4838,12
9188,12
1574,6
7820,16
2440,0
7749,0
5793,12
8362,10
1180,6
1131,12
6756,6
1685,16
4067,0
8957,6
9148,17
8295,16
7313,12
4735,16
9447,10
7702,16
5345,5
5876,6
3670,5
6410,6
2336,16
3293,12
1822,10
4033,14
7636,12
1712,16
9458,0
1085,0
8688,5
6612,10
3527,0
8530,13
2967,18
7061,0
2182,6
3743,12
1747,4
4745,17
6772,10
3731,6
8939,17
5746,6
9283,6
2926,6
1656,6
5334,6
3936,6
7938,12
4423,12
6518,10
7977,12
7597,0
6190,15
9030,12
8811,12
7156,6
2776,13
5095,18
1725,3
4946,6
5893,0
7340,10
4990,16
5739,10
1030,17
1288,12
5608,16
4911,16
9299,5
6917,5
5376,13
6510,3
6452,5
5766,3
4665,17
7571,17
8572,9
7746,6
8652,18
1226,16
1644,17
2270,12
1363,16
4759,12
6509,18
4637,12
7663,6
7728,16
1087,15
6627,6
6178,5
1120,6
1608,0
1356,16
5350,6
6214,13
7388,0
7365,12
1167,12
5159,6
1844,0
2341,12
8666,12
6659,12
6173,16
4916,13
7026,12
6338,16
4192,12
9495,5
5740,16
2016,10
9574,6
5573,0
3283,10
6293,6
6465,10
4626,0
3811,16
8407,12
7183,0
4850,16
9558,10
5734,12
7786,16
6096,3
2899,0
3136,3
7735,6
7166,16
6499,0
8665,0
6458,10
6188,3
9037,15
3282,10
1736,3
7760,17
7978,12
3893,16
8242,12
8376,0
3106,17
7780,5
8620,16
9804,5
5069,16
8598,12
9912,10
4366,16
4433,6
6755,6
9777,6
2872,17
3377,16
6199,16
7276,17
8450,5
2375,14
8528,10
8621,13
5836,14
7255,12
4760,14
9163,10
4347,10
9708,14
9617,4
9986,14
9785,4
8522,18
1551,0
2669,3
2078,3
8149,0
5423,6
2707,10
7775,5
5930,5
7120,0
7012,13
7705,16
8796,16
3700,6
1101,0
1425,18
6828,5
4554,6
2358,13
5781,16
9901,5
7081,6
1611,14
6517,16
9817,6
7213,16
2073,6
1801,16
4910,0
2676,10
6763,6
6673,3
1106,16
5941,3
3609,13
6263,4
5236,18
8515,15
6760,16
2863,17
6284,3
5437,10
7093,16
3135,10
2439,3
7386,12
8935,12
5509,16
9124,10
8518,6
5879,5
7898,0
6390,6
7639,12
9969,16
1554,0
5084,12
2584,6
5822,3
1889,0
9330,6
8606,6
2463,10
3160,13
4233,13
6346,3
7981,3
4210,3
5164,10
1501,13
3144,16
3978,12
1805,12
6866,10
1058,6
1457,13
4821,10
3314,12
1602,18
3318,5
4354,16
8685,12
4478,6
4179,16
5400,0
4235,16
7569,12
1549,14
1001,12
1128,12
9924,5
8237,7
1468,12
9749,4
8479,6
7564,17
5475,0
2174,13
3604,12
2327,6
7704,0
2897,12
4518,6
7071,5
7245,16
1858,10
3963,0
5492,10
6680,10
7552,5
7734,16
1272,6
2531,18
9150,10
8297,6
2356,5
6413,3
3264,13
6997,3
6726,17
1002,16
2055,6
7405,5
2049,16
5114,12
4150,16
9320,12
8356,16
3699,0
5414,16
9746,7
2033,6
3271,5
7615,5
9647,18
7477,17
8740,13
7827,6
1397,0
2277,6
6694,3
3947,6
3361,0
1910,12
9670,15
1255,12
9629,12
2944,12
4874,14
6136,16
3562,10
1678,13
7478,16
6523,5
2380,6
7862,12
2583,0
7785,6
2215,16
7528,17
3555,5
8327,12
9206,6
6422,6
9496,0
4636,3
4630,6
9701,13
3841,0
5127,16
6045,0
8761,3
3748,6
5246,16
5810,14
6162,0
7675,17
8531,16
5184,3
7971,16
7531,18
3560,12
8899,12
7445,16
4800,0
1328,5
2056,10
8170,18
6929,16
8552,3
8466,5
2801,10
2681,18
7770,12
9653,16
6963,16
6942,16
6427,14
3305,18
7455,13
8611,10
8788,14
7423,13
6944,0
5630,10
1274,17
5732,12
6192,5
6873,12
8856,0
1280,16
6934,12
7776,0
9905,12
8071,12
2172,5
2070,6
3158,6
6029,5
6394,16
4377,6
5204,12
3346,15
7576,16
1547,12
5582,12
4532,13
5640,16
7119,12
4374,12
9325,16
9218,13
6915,6
7294,17
3335,0
8739,13
7450,16
5058,3
6170,13
2093,16
2877,6
3025,3
3924,16
6239,12
1967,17
7062,6
8808,12
5629,3
4681,12
7032,12
6077,13
7376,16
9307,16
3481,18
5050,13
7483,6
5182,14
1682,14
3944,18
8323,16
5936,16
1377,12
8260,6
1817,12
4817,10
1800,0
4603,0
9561,14
5572,3
2528,14
4738,6
1661,13
1205,3
5834,17
7783,0
6996,13
6787,12
5305,18
9190,14
7323,16
4319,16
7324,0
5405,16
2105,6
2300,12
7064,0
3459,10
2275,0
1225,10
3781,6
2331,17
7747,16
4140,13
8249,12
3726,17
5875,18
1995,0
8801,12
9811,12
7079,12
5382,6
2948,6
5244,10
5844,13
1430,16
2379,10
7925,17
8077,10
9830,15
9552,16
1141,12
3968,10
3237,10
8477,16
7406,16
4290,0
3814,16
9927,16
2324,0
3365,16
2359,3
6335,18
6651,14
7712,12
1552,12
3080,16
5143,12
4385,3
5238,6
4198,10
6068,12
1124,10
4123,3
3790,6
9624,18
6658,6
4852,6
3940,5
4819,6
6236,16
7814,12
9221,0
5861,13
9337,12
2226,3
3995,5
2608,18
4902,6
1784,3
8239,5
3918,10
1445,0
6519,10
5219,16
8661,12
8215,16
4579,0
5540,6
1404,17
1568,6
8474,5
3898,12
9855,12
3684,16
1357,16
1398,16
4638,12
1342,14
3657,0
4028,6
9894,0
3712,14
9047,17
5538,12
3492,16
5049,3
8852,6
3403,6
7009,17
7722,3
1371,16
6970,10
6365,13
4219,12
3520,6
4353,0
2958,6
3881,16
6238,3
6595,3
9470,0
8140,12
2349,3
1362,12
6664,18
9243,3
4384,14
1814,6
1771,10
2084,6
8568,3
5450,12
3373,10
7382,0
3476,10
6066,14
3390,13
3121,0
6101,6
2133,17
4464,12
7344,0
1495,10
1872,13
3639,6
1421,12
6978,6
9222,4
2239,16
4326,12
3535,10
9996,13
1650,0
4512,6
4364,17
8976,13
1472,16
7256,6
4128,12
8419,16
7673,6
7249,12
8805,13
8240,5
8032,16
1256,12
7600,12
1865,6
6916,16
5088,10
9693,0
9120,13
9116,10
4298,12
8920,17
7482,3
6615,16
9241,14
4885,13
2013,6
5808,14
4700,0
4414,13
6759,17
3536,17
4184,18
8723,14
4751,6
9202,6
4550,16
1432,16
8046,16
8756,5
6010,6
8113,6
1122,6
2866,12
5014,6
6312,6
2628,18
1905,16
7534,6
6131,14
9812,3
9797,10
6076,0
3911,16
4839,6
7146,18
6998,13
9956,10
4482,12
4666,12
1306,6
5144,6
5778,10
6727,13
7518,0
9548,16
8172,0
3669,5
8384,14
4463,6
8947,16
6796,18
3049,13
9641,14
2693,0
7983,5
3381,16
3919,13
3623,5
2837,16
1099,5
9465,10
3204,3
6506,3
7761,5
2241,3
7265,5
4679,12
1953,14
5087,10
9919,6
9831,0
3375,6
4783,17
5666,10
1517,16
4811,6
1323,10
8557,16
3098,16
7990,10
2762,3
6999,12
2599,7
8511,12
7611,4
2982,17
2918,4
8992,10
3986,16
3187,13
2822,0
3833,14
3425,13
8858,0
4167,12
1700,17
5636,16
8760,3
9464,6
7371,3
9359,16
3376,13
9160,12
9334,0
6438,0
1729,10
8586,6
8687,14
7920,16
2807,5
9696,16
6774,12
6718,6
8636,6
2744,16
4327,6
4196,5
4950,4
9922,13
9469,6
6384,18
9169,12
4154,17
3484,7
2280,10
5985,18
3816,3
8605,13
9517,12
2005,18
3016,5
5686,16
8929,5
1399,3
1224,3
7522,10
3654,0
5744,0
4517,16
1769,6
5846,12
2431,13
4858,10
2748,10
5066,12
1826,16
4285,6
8873,12
7896,16
8781,5
7497,17
1828,12
3315,5
4523,12
3338,16
7879,6
1297,13
2322,16
1832,6
3923,16
6330,13
2549,10
5381,17
3922,17
3903,3
8532,10
6000,12
5872,3
1704,5
3533,6
3155,17
7407,5
7999,12
8124,3
8956,18
4867,6
1032,12
7134,0
5371,18
6015,13
5653,14
8159,17
7568,16
4775,10
4394,16
2195,16
2916,10
1195,0
8463,12
3028,6
5790,4
6580,6
1843,10
4261,6
9646,3
2267,16
4989,5
8273,7
9562,3
3093,5
3115,12
4620,14
6746,16
9508,5
7565,0
7923,0
5108,5
8445,5
6596,12
8851,6
9009,14
8175,12
3926,4
7369,16
1271,16
1870,12
7109,0
1299,17
4632,17
6832,16
6125,13
1692,10
2001,0
7160,0
4346,12
6868,16
6931,10
5940,12
3965,12
4229,12
7481,16
7143,13
9435,14
2014,6
4048,18
1229,16
6642,13
9429,18
1493,12
6663,10
8306,17
6233,12
8070,5
5735,14
3370,6
7327,3
2247,17
8963,17
5722,10
3087,16
1860,16
9660,0
3521,16
9656,10
3040,16
8519,18
6681,12
2565,18
6444,14
6404,12
1596,10
3649,6
7162,12
5200,10
2165,16
2686,16
4500,16
8230,6
6072,17
9815,5
4575,5
5451,3
8404,10
6858,5
4574,3
2668,13
9349,13
7834,0
7587,0
5211,17
1142,6
1852,16
6846,10
2043,3
6638,13
7448,12
8073,3
2644,10
7447,16
8139,16
8003,12
6545,12
9376,5
5029,12
7433,6
9285,0
1941,0
6955,17
1713,0
9034,0
7042,16
1187,0
5687,12
3510,10
8949,6
6387,12
1491,12
7630,12
2514,18
7593,18
2333,13
6254,5
7427,6
6021,0
1541,6
6672,18
7509,12
3266,12
8737,6
4987,6
3892,12
9064,12
7726,3
8155,5
6262,5
8946,13
9622,16
7793,12
3843,2
4427,5
2906,10
2026,3
8786,6
7152,12
1192,10
1976,14
4520,10
8120,16
2065,10
1687,3
5377,14
6890,0
5481,12
8448,9
1188,17
9649,6
9684,12
8144,18
4222,5
8329,16
2177,3
6941,12
3410,10
2096,13
5240,16
9680,12
5811,5
4896,16
8283,10
8422,17
8432,13
3932,6
2420,12
3977,6
5780,3
1360,5
5074,0
4656,6
1354,10
5521,12
4455,3
3480,12
1461,16
6689,12
9514,0
5291,13
8193,12
6888,10
4344,17
9800,5
6674,10
3429,0
4426,14
6529,10
8179,16
6539,6
8047,16
7440,10
5071,17
9027,13
9000,18
6380,13
5216,12
6471,10
1937,17
2246,16
5343,10
4166,10
2596,13
5259,6
5340,0
8540,16
8998,6
3596,14
2142,18
7472,0
8882,0
8110,17
3337,12
5362,4
6002,12
7392,12
2567,3
7309,14
6919,17
1786,5
2393,0
2769,0
3650,0
2244,13
2432,0
2760,6
1237,17
9311,10
6953,12
2594,13
6464,18
5769,13
8859,0
6853,10
7154,3
9396,16
7237,5
1196,3
6844,18
2847,10
9870,5
4925,16
9357,16
7250,10
4295,16
7817,13
2454,10
5650,3
1126,10
3190,0
9985,10
6022,5
5177,14
4932,5
3169,13
8645,0
8382,16
1102,5
1286,10
4322,16
6343,14
4764,5
4892,14
1681,5
7460,5
4146,7
7679,16
4497,5
1839,12
9240,0
3449,6
9301,17
3331,17
1055,12
9654,5
5131,10
9318,14
2887,16
9326,4
6903,17
3599,18
1047,6
2784,3
5813,12
9563,12
6534,16
2946,13
2221,16
6364,18
4835,16
8379,0
5226,14
6091,6
7434,6
6995,0
8241,0
7462,10
7387,10
1090,14
5801,6
2044,13
4485,17
8116,16
8599,12
1943,6
7459,3
6516,0
5910,13
1511,19
6522,5
5035,17
1077,5
8526,12
2107,6
9182,16
2343,3
8408,18
8721,5
4849,12
2421,16
2316,12
5873,16
7927,5
8431,12
5137,10
3498,0
9414,0
7262,3
3665,12
1529,16
6417,3
9836,0
1659,16
8757,17
5652,10
5239,0
2880,4
2817,6
7681,4
1251,0
7049,16
2028,14
4947,18
5679,18
1390,14
5484,4
9200,0
3285,17
8251,0
2465,10
4723,17
1610,12
8009,17
3613,18
8743,7
3713,13
8444,6
4776,13
7408,0
3887,3
2741,13
9698,13
2210,5
8314,13
8214,16
4321,17
5710,18
6927,6
7553,18
9393,18
3134,12
5280,13
8919,3
7187,10
8547,10
4174,0
9963,13
4060,5
5474,16
1575,10
3540,16
3863,18
7721,13
4891,10
6597,5
1227,10
9300,6
2983,13
8275,10
7174,10
6872,18
5641,14
8924,10
3393,10
1750,12
4315,0
3162,17
1985,16
8988,12
6886,18
2619,5
4503,4
3506,4
4706,6
3566,6
9312,0
8197,6
3247,5
4613,0
2616,12
9630,14
7935,12
8527,5
1772,6
4980,3
3608,12
2937,10
4323,0
1113,10
4363,18
9473,6
8579,13
1733,13
3570,10
9983,3
4110,13
5091,16
8423,12
7139,10
8864,16
4361,12
6184,16
8094,13
2418,14
2351,13
1877,13
1970,10
5648,5
1651,10
9147,3
6483,0
2137,16
7107,12
4209,18
4788,5
4712,12
5308,17
2311,3
4351,13
1614,12
9137,5
3620,10
6322,16
1016,12
9568,10
9260,17
2778,0
6408,16
6435,6
2586,18
7041,5
1968,5
2854,10
8686,17
2132,17
6375,16
9255,18
5135,13
7863,3
4278,16
9721,17
6620,18
7396,6
3635,5
2996,16
3308,13
5816,10
4844,10
4428,13
4244,16
7905,10
3045,12
6723,6
6491,16
4254,12
8874,18
2961,10
6924,0
6631,17
7714,16
5256,6
6707,6
4495,18
7087,16
9948,3
5748,5
8235,3
8328,18
6142,13
5531,16
7953,12
7751,16
9294,10
3538,18
7950,12
8658,17
3336,10
2233,18
2955,12
1688,5
5522,14
9366,14
5482,14
3165,3
5480,16
7266,10
4328,17
2941,3
9555,12
2614,12
2720,10
5614,0
3835,10
3344,5
5089,16
2301,10
4436,17
7439,13
5178,13
3801,0
5286,3
5777,5
3372,5
1853,17
1999,14
2587,14
6442,13
3417,12
4169,6
7784,16
2143,7
2726,10
8281,12
7398,14
9778,14
1885,16
7617,13
2499,10
9633,12
4195,6
3987,18
6494,0
3795,3
3168,12
8337,5
9771,4
3772,5
9988,6
7170,16
4732,13
9031,10
8948,0
7582,6
3248,6
8024,10
7608,17
1335,10
9525,10
2199,0
7065,5
1267,5
6860,10
9613,17
3764,18
5222,6
6698,13
3532,6
4564,5
6253,15
6196,6
9424,10
2875,0
8427,10
1040,6
1246,10
2601,12
5792,5
4191,10
5152,4
8055,5
5408,6
1637,18
1296,16
3582,14
2157,19
5757,10
9091,4
6717,10
7964,12
4103,18
9442,10
6476,18
2124,12
9838,18
8954,5
6820,12
2276,16
2735,13
8663,6
4240,6
3395,16
9881,10
3807,17
4009,6
1993,16
4991,17
4526,13
4897,3
3431,10
7846,14
5037,14
2922,13
6455,16
2209,16
4182,10
9138,16
2631,13
7283,13
6203,12
9041,3
8529,6
7108,4
4648,16
7469,13
2426,14
9249,13
4968,12
7373,17
4560,10
7007,18
3041,14
4435,12
6834,7
2901,16
8556,17
6440,0
5888,16
9038,6
1763,18
8638,9
5046,10
5599,0
7842,10
1027,16
2201,12
1851,10
1384,5
5789,5
1262,12
3240,10
7790,6
8728,5
4371,4
1544,12
7320,7
5504,13
1302,10
5728,5
2058,10
1989,12
5209,12
1774,5
1498,5
6715,16
2920,6
7412,6
3378,13
8669,10
8344,0
2229,6
7024,5
6080,17
9648,6
4901,10
3581,16
2478,6
1135,14
5101,5
8041,5
3845,6
5181,13
6932,12
3175,10
5708,13
2821,5
5760,6
3803,3
8907,6
5335,16
3416,3
2593,14
7353,5
7506,0
1513,16
1466,13
2494,13
7330,10
9219,12
8458,17
7643,18
8711,12
3576,14
3211,12
2936,13
8470,12
9718,13
5869,6
2914,16
7436,12
8782,12
8492,10
5965,12
5664,5
2039,17
2232,3
5125,12
2945,3
2706,17
9321,18
1600,17
1074,10
2889,5
1412,3
8680,10
3126,12
2556,12
9143,12
2269,0
1576,18
5978,0
2248,3
3951,18
6808,7
2526,3
1627,10
9619,3
2716,10
2219,13
7546,18
2546,5
3899,3
6040,0
6979,6
8013,5
9340,17
4120,10
9451,5
7895,3
5056,10
4287,0
9418,6
1402,5
9645,13
5043,5
8208,13
4372,13
2664,10
3729,10
3874,12
5470,6
7171,10
8541,5
5991,17
2085,10
1777,18
6986,6
6344,5
1856,17
4692,17
7287,0
2684,3
7899,5
2361,16
5551,3
3295,6
2775,18
3891,16
3500,12
7441,16
2965,5
4444,0
5626,16
2845,0
1254,3
3662,10
4378,13
3584,0
7690,12
5950,5
5764,10
7852,17
7215,13
7208,18
7766,10
7078,0
9821,0
8885,5
4230,12
9621,14
1964,10
3529,10
1025,12
9398,6
2197,12
2624,6
1330,10
8072,6
6669,6
8637,10
1618,14
9049,12
2053,3
5476,17
1169,18
4899,14
2319,10
5186,5
7347,10
2541,6
3206,10
4860,14
4286,12
8075,17
2120,17
5148,10
3714,3
1573,0
8436,16
4743,10
2700,12
8735,4
3306,6
9209,3
2779,10
6197,0
9883,16
9372,10
1165,4
7298,10
8646,10
9513,16
5544,3
1559,10
6622,10
8296,3
7476,10
7484,10
1963,18
5753,0
2956,3
5852,10
5866,12
3878,18
3052,13
2811,5
1707,10
1761,17
9895,18
8880,16
4937,0
9593,5
6562,17
9367,0
2557,12
1792,18
1073,5
9159,7
3218,5
5556,10
5283,7
9572,10
2309,18
3751,5
5627,14
5702,17
1938,14
7227,3
5165,14
9544,12
5230,3
8849,9
9215,18
7463,17
1521,17
7281,12
1809,5
3490,16
5707,10
9316,17
6439,14
2815,10
9535,5
3053,4
2949,3
6563,10
6420,3
3900,12
7517,3
8014,10
2404,0
7031,18
2864,18
8050,17
6560,5
1537,18
3910,3
1722,6
1781,3
4165,10
8380,14
5711,3
6087,12
6038,0
3179,10
2491,5
3324,3
7058,17
4559,5
9979,3
9136,6
7368,16
7257,4
8565,12
7813,12
4304,13
6300,0
1878,5
8117,18
1571,3
5891,12
8173,12
6051,12
3515,0
2110,17
3208,14
9286,17
9599,0
6073,17
8697,13
3224,10
5545,10
4953,0
3350,12
1369,5
2812,16
5717,7
3693,0
9086,18
2520,5
9070,4
9651,17
9061,14
9452,14
7993,13
3690,0
1868,5
9807,13
7085,10
9554,3
9999,6
4081,0
6835,0
5464,5
6785,6
1646,10
8062,5
3516,0
7432,17
1456,10
4225,16
2337,5
8970,10
7097,3
6269,12
5611,16
1594,12
7214,17
7158,16
9819,14
5529,10
5454,6
1186,6
1144,10
5736,10
9074,18
5680,16
7055,13
7442,16
9319,18
8936,5
7221,14
6231,17
9257,16
3097,5
6819,16
5899,13
8895,16
4221,12
4524,12
5026,3
3303,16
4237,10
2923,9
7338,18
5699,3
2307,10
6266,10
4754,3
5724,10
3341,13
5587,10
1049,6
5784,12
9351,5
5759,12
9093,13
7605,4
7230,17
7072,13
9920,3
1962,3
7772,14
8772,13
3680,12
3588,10
6851,12
2750,9
9606,12
2214,12
6110,18
9703,17
9322,3
3307,17
6323,10
5325,13
7880,3
8657,5
2437,17
1701,16
2540,16
7216,5
6331,3
9144,13
6637,10
6852,16
8705,13
2927,10
9929,3
3407,5
2562,16
9595,10
9444,17
4185,16
2651,0
4531,12
1939,0
7866,10
9410,18
4999,14
5438,5
5546,12
9404,16
9923,10
1734,3
3446,10
9488,6
5322,0
1917,5
2193,10
6728,0
4519,12
1148,7
3159,5
1533,18
6271,6
9165,10
2511,10
8000,3
7384,10
6395,13
1986,0
7052,10
8594,17
7911,4
9474,0
9559,6
9586,10
1480,0
6548,6
1643,17
8624,16
9788,12
1014,5
4061,16
3813,10
5754,10
3046,10
6608,13
3275,13
1355,14
4050,3
7724,13
5175,10
9823,17
4739,7
5217,5
4535,13
9055,4
8559,13
1279,2
3586,6
9365,3
1143,12
9035,6
7458,5
1585,5
2794,10
6749,10
1163,18
4398,5
5187,5
7764,5
1303,3
6987,10
9581,18
7185,5
2577,5
4948,5
8752,10
3820,17
9704,14
4062,5
9673,10
8413,14
9747,18
1241,12
6554,12
7486,16
5158,5
4251,10
5133,6
3925,17
8131,3
7654,3
8342,12
9197,17
6564,10
6993,7
3219,6
3131,13
7884,12
9692,13
3471,10
9790,5
1221,3
6822,18
7513,12
1706,17
3037,3
4476,10
6530,0
3003,10
3561,14
7729,18
8768,4
2281,5
6474,12
1036,13
1516,0
4443,5
3198,0
7345,18
7894,18
5902,3
7888,3
2803,10
3030,0
3104,12
8177,18
4238,16
3485,5
8566,6
9125,17
1210,14
6952,13
4000,14
1624,6
3495,10
6645,10
4147,3
6975,17
5342,10
9420,3
1811,10
7311,5
9607,5
4012,0
8995,12
6302,17
2206,14
1250,10
4231,6
7774,12
9655,14
9237,16
1901,17
7832,14
3292,18
9081,13
4971,10
3141,12
1820,10
3010,7
9252,18
4744,13
1043,18
4515,5
9750,13
1867,10
5665,13
6204,14
9601,0
4959,17
7951,0
4068,17
7453,13
1699,10
3249,17
6411,0
6641,10
2374,5
2031,10
2850,0
3961,4
4173,5
4200,0
4483,13
7014,18
9734,3
7010,4
8803,13
1902,5
8100,12
4201,6
2266,6
5326,7
3111,18
8754,3
3181,5
8776,3
6376,16
4056,14
4975,17
4908,14
1383,14
2284,10
6991,3
7282,13
3243,5
7030,18
9355,10
2443,5
7487,12
7297,12
4766,10
6246,10
8682,10
3239,0
3638,14
6360,13
7556,0
9077,3
5633,10
3969,5
1928,0
3962,13
2856,12
8146,5
1110,6
7886,3
1239,6
9090,5
6940,3
8692,18
4246,10
6685,18
7269,5
6416,10
2753,5
4539,17
4178,10
2479,14
2183,10
3229,13
8305,17
7363,10
3686,0
6132,3
3614,0
8435,0
8449,4
3928,16
5055,17
3310,14
6599,5
1427,13
8326,16
2010,14
4460,10
5984,12
3265,10
3150,0
6195,5
9052,12
5727,18
5100,10
7547,5
2997,18
7111,16
3288,18
3255,10
2813,2
9369,5
3088,3
6511,17
8223,5
1051,13
2384,14
9614,10
3464,18
2484,14
8829,5
3938,0
1137,5
5331,12
3612,10
6434,12
4617,10
5191,6
2403,13
8507,6
2156,3
3171,7
8809,5
8066,13
5510,9
1546,13
7194,10
8550,4
5221,9
1990,13
6821,13
8961,0
8903,12
1488,3
6626,10
3674,10
7372,7
7211,17
3957,14
6617,18
6930,6
8596,10
7505,5
8171,0
9101,10
4109,0
8814,3
9712,5
9935,13
7389,3
1679,4
1140,17
1301,10
8574,13
3894,14
9244,18
7588,12
2240,18
3766,17
5894,5
1394,10
6845,4
1891,14
6512,13
5882,6
2682,3
1740,17
7662,10
4870,17
2482,3
1282,10
7048,10
8482,10
8325,0
4725,18
9625,5
8252,10
8079,17
3913,0
8718,13
7548,0
8183,17
5162,5
4214,10
2171,18
8143,3
3671,16
3192,3
5981,5
2323,17
1727,12
6743,10
4388,0
3930,7
3621,13
7527,17
5098,13
1848,5
7011,10
1520,18
7541,17
4350,10
9515,10
2367,7
9600,17
6692,10
6706,13
9724,3
8673,6
1315,13
1056,18
5120,10
4249,14
7040,10
2786,18
9960,17
9795,16
2885,19
6786,10
6935,3
8302,12
1179,18
6528,5
8174,3
5338,0
2580,5
9768,3
6318,10
5895,14
3421,3
3200,3
6838,5
5552,10
3915,3
4381,5
2627,13
9204,14
9399,3
6983,10
4049,14
7124,16
5528,4
5319,13
2665,12
2227,16
1593,18
8207,5
7755,14
7346,18
3389,18
2448,10
2268,14
5208,5
8862,3
4854,16
6898,18
2745,12
6047,10
9676,16
3834,6
1673,5
1414,5
8388,12
1966,5
8569,14
9455,18
4625,5
5394,13
3469,14
2521,12
2789,14
3908,5
2622,18
4356,0
9174,18
2387,5
9833,18
3302,10
5512,17
2456,18
4619,0
7465,14
5990,18
9302,13
6507,17
8390,3
3931,10
3059,13
4942,18
4349,14
5104,12
1107,3
8437,13
7501,17
4615,14
5061,18
7841,14
7018,13
5122,10
3195,17
3683,10
5519,12
6831,10
9965,9
9984,13
5067,0
6711,10
9468,18
3681,13
9054,3
2385,10
4008,13
7524,10
8383,17
5341,6
8613,5
4976,4
7083,3
5987,12
7354,3
8099,16
9697,13
9551,3
2200,10
6990,16
2086,3
8943,17
3697,10
6357,0
8212,16
8414,10
5558,13
7378,3
9638,3
5495,6
1312,10
6950,16
3236,14
9888,10
1821,13
7123,17
6232,10
9220,14
2767,4
9728,10
6776,5
5274,3
6049,5
8709,16
4756,10
7015,10
9431,17
5202,5
7822,13
9802,5
4036,14
9570,10
3704,18
6018,10
7420,10
9335,3
3322,7
5096,3
5871,18
1348,13
6666,10
9735,14
6799,10
2498,0
4309,17
4065,10
7328,5
2340,10
3235,5
9135,12
8467,17
6994,14
6812,17
6784,10
1238,5
1098,5
3216,5
5994,3
9637,3
3397,4
9493,3
3269,5
8497,3
2092,13
9786,12
9456,10
4302,18
2135,5
3339,10
9103,5
2159,10
5517,18
3537,18
6282,14
8549,18
5585,10
4496,10
7318,5
4513,13
9127,0
9079,10
1173,10
2766,10
5570,3
5970,10
5613,14
3497,4
9913,16
7875,6
6057,14
3981,10
7671,6
3850,18
3076,3
7117,14
1749,7
5929,18
6048,10
1411,5
2278,17
5597,14
6368,17
7258,5
8644,5
3574,5
7736,10
1349,5
9678,14
3368,3
4348,5
4721,5
1125,13
1212,16
1314,14
7409,5
7114,5
8017,6
7994,5
1862,10
6174,3
8255,3
3660,3
2234,14
3912,3
5864,5
1104,6
7575,18
2790,5
3388,10
9756,17
7631,6
6830,14
2829,18
6737,14
1534,5
9906,18
6968,17
1598,4
5281,5
9958,17
5051,10
4917,13
2067,0
6107,18
7464,3
2893,3
2722,17
7572,10
3199,17
2990,3
5615,4
9276,14
9186,3
3941,14
7856,5
4037,18
2363,9
1754,12
5669,3
4494,10
8084,10
3756,18
6571,14
2071,12
6007,16
5755,17
2458,3
9370,3
9695,3
7044,17
4051,13
7438,3
9509,3
1396,16
1368,3
1310,0
7126,10
6590,14
4815,10
1842,17
3730,18
1645,10
7223,0
9664,13
7942,14
2908,10
3502,18
5303,10
4862,18
2473,5
3512,0
5694,10
5160,12
6634,18
5645,3
4629,3
4561,4
2841,17
9187,10
9363,16
4569,13
4585,13
1950,5
5105,9
5942,10
3569,0
7692,3
6462,10
3771,3
7850,14
9533,3
7394,0
6766,14
3069,3
2788,5
5555,14
3504,2
1029,17
8300,18
3717,6
5452,14
5526,13
9867,14
1295,6
1548,10
9806,10
7141,14
2718,16
1048,0
4268,5
3379,16
6280,17
5128,14
5048,5
9539,18
7573,5
7310,10
4600,5
4382,10
5000,5
8486,14
8971,3
5251,14
1228,12
3369,3
3773,5
5366,3
1514,0
4643,18
5005,4
5456,18
4676,18
9910,12
8647,10
5370,10
9270,13
8371,17
5785,14
9395,3
3725,18
8827,14
7181,18
3643,10
1479,3
1920,4
3086,5
6896,10
2365,5
2488,3
4641,18
6487,16
2062,12
7718,10
3348,10
9453,3
7435,10
2413,10
7204,3
6436,14
4920,18
8793,17
4018,4
8232,13
1760,3
3594,10
8922,10
2101,3
9862,5
3720,5
2123,14
5214,14
3352,17
2754,14
9709,13
6780,10
4657,10
4949,17
6800,10
5019,18
4462,5
5201,18
1341,10
5779,5
5622,10
2851,10
5276,14
5738,17
6795,3
5189,10
4516,3
1898,14
6538,10
5052,18
4468,17
2589,10
9211,18
3687,10
6332,3
3413,1
9486,5
6546,3
5865,9
3956,18
8742,9
8265,10
4718,9
7687,5
8287,13
9528,5
9547,10
3475,3
6900,5
8228,0
1078,0
2957,3
9560,0
4688,14
8681,17
7619,14
6854,14
2902,17
2943,3
5367,17
2066,9
8396,10
4369,10
4960,3
5824,18
8660,5
2747,17
1935,18
9714,10
8020,5
9007,5
6814,0
8759,4
9361,0
5729,18
7351,13
4014,10
7220,4
6889,18
7019,14
7466,3
7456,5
9016,5
8440,3
1764,3
1258,10
6697,5
7301,5
3689,10
1175,13
6640,18
2318,5
9058,18
9594,16
4189,5
5457,18
1139,3
4300,17
5805,10
2570,3
6327,14
2483,3
6660,5
3739,7
6589,17
7756,0
4156,5
6150,7
9715,10
9024,10
1008,3
8694,3
5428,10
1695,4
3272,5
7417,5
2198,0
8510,5
3019,3
8373,13
5944,3
8485,0
7429,6
9761,10
7122,5
6762,5
7165,14
2076,5
7601,4
9949,13
1127,14
2400,18
8850,17
4453,3
1347,14
5618,3
3518,14
4770,3
3948,17
1105,10
9003,5
2659,10
4716,3
6071,5
3051,18
5747,3
2846,14
7238,14
4002,17
1647,14
2582,17
3904,3
6826,14
2988,14
5359,10
5867,17
6161,5
5714,14
9689,3
2140,14
8238,5
3129,10
7286,3
4593,14
5170,10
3883,18
9208,18
9437,10
7175,16
8090,10
3667,14
3401,10
4434,3
8236,10
5903,7
6943,7
5415,13
2551,3
8634,5
4074,14
7811,10
3357,18
3258,17
8695,3
5455,3
4292,3
4828,3
5225,3
1168,3
8460,10
9323,18
5410,14
7480,5
9615,17
3775,10
8096,5
7121,0
5961,6
4004,17
9824,10
1114,3
4944,18
2986,18
5576,3
4059,3
7789,13
1582,3
3556,3
6138,0
6690,14
8708,5
5752,17
1442,3
9549,18
1329,14
1429,10
5712,3
2952,14
4983,18
1277,18
7966,13
1109,5
7110,10
4474,14
1717,10
4291,17
6373,0
4774,3
2968,0
3256,3
3616,18
6936,7
9015,10
9977,9
3317,10
4047,10
9605,17
5547,10
4767,10
9275,10
5124,10
3836,5
9412,10
3163,14
6859,4
7046,10
2590,3
4807,13
6069,5
1507,7
8361,17
5109,12
6677,3
8751,14
2312,3
6311,14
2185,18
5042,5
4032,10
3320,10
9338,14
9990,7
1906,10
5644,10
3692,18
4851,5
8923,0
4647,12
5904,10
7598,14
7164,14
2487,10
6168,18
2475,18
2025,5
3420,17
7067,13
2283,10
6700,16
7470,18
3955,18
9869,10
7468,12
9042,10
4868,3
8860,10
3472,3
9017,3
9809,18
3626,14
7949,14
1802,16
3109,14
8867,10
9842,4
1449,7
9430,5
2814,5
8338,5
9674,14
9078,3
5975,4
1111,5
2610,3
4213,14
1757,5
7829,10
6992,17
5262,5
8107,18
7659,5
2024,5
3593,14
1067,3
8831,3
6355,17
3797,18
2617,2
8290,10
7545,5
4303,14
9421,10
6090,10
2021,3
9354,18
6710,17
2175,18
7449,14
8345,18
4170,18
9934,7
4259,3
8030,16
6030,5
5914,10
6366,5
9422,17
1042,7
2536,17
7804,10
9707,2
4730,5
4204,7
2346,10
7972,0
6307,18
6863,10
4934,3
4362,18
3828,10
3226,3
9757,5
1850,17
7883,5
8462,3
3551,5
9415,9
6014,14
7495,3
7491,14
8053,18
8469,3
8602,3
1972,17
7779,10
2470,5
4779,4
5207,4
6086,5
9880,3
4024,17
6303,5
4572,7
2858,14
9522,18
2734,10
4661,13
1686,10
6797,5
2670,17
2225,18
3722,5
4769,10
2047,10
5568,14
4825,3
7620,18
5333,18
7231,17
2687,3
3261,3
4358,17
8145,5
3872,5
3776,7
5705,18
2981,10
3842,10
9278,14
5907,9
8535,3
4467,18
7092,5
7648,10
9005,3
4660,14
9952,10
2438,13
2263,17
9497,14
2836,18
6169,14
4969,3
2087,10
3461,17
7106,10
2894,3
2212,5
3622,5
7800,10
7006,5
7358,10
3701,16
1553,18
1979,10
6790,3
7186,5
1998,18
3277,14
4568,3
1655,3
6092,14
9436,18
9868,9
1940,7
6725,14
4418,13
9938,6
9826,10
8315,10
1563,3
7890,5
9997,5
7321,14
2103,18
8815,3
4813,14
6885,14
3058,14
4695,17
1556,14
6268,14
6708,17
6321,5
5619,4
5449,7
4085,3
3432,10
5224,3
6306,10
7100,10
2057,5
6825,10
9487,10
4149,14
5360,10
1892,18
2474,5
7413,18
8156,3
1640,18
7268,5
4711,5
6765,4
8853,10
3291,3
6257,16
9512,14
9432,3
1240,4
5324,14
6401,5
5506,17
9587,3
7877,14
7939,3
4763,3
3007,5
5080,4
3473,10
1505,5
8412,5
4505,10
6226,3
7091,14
3822,3
9840,5
5775,4
2392,4
2328,10
9722,5
5372,5
1068,5
4420,5
7000,10
4431,3
8334,3
3528,3
6079,0
2523,14
2924,0
7869,5
8266,10
6576,3
8213,18
5635,14
3755,18
5643,3
8773,3
1693,10
6104,10
9026,17
9485,18
4006,5
5878,3
6288,3
9062,19
9099,3
9277,5
1439,10
4872,18
2995,3
1951,5
1156,2
1619,18
9961,14
6063,5
7871,4
5060,18
2602,3
3055,14
9978,14
3011,14
6067,5
7874,10
5971,5
3589,10
3590,5
6352,3
7224,14
2148,5
6861,10
2460,5
3073,18
6235,10
4939,10
5287,18
1841,5
2180,17
2472,3
5477,10
2662,3
5639,10
1799,14
9146,12
6781,3
7303,3
6397,18
9001,18
6011,14
1004,10
4132,18
4262,18
2603,4
8648,10
4589,5
6278,13
7836,7
2306,14
4411,3
5881,14
4373,4
7960,17
5819,4
3290,3
4157,18
4333,2
6031,9
7893,14
8369,6
6524,14
4370,14
6460,10
5700,5
1726,3
2798,9
8558,14
9936,5
3013,10
5025,14
6668,3
4856,18
6377,5
6111,18
1526,7
6374,4
2450,3
2655,4
5847,10
8204,10
2870,18
9183,5
2689,4
9446,14
6695,14
3297,14
8861,5
6801,18
4610,2
7835,13
2500,17
6703,18
2848,3
7499,14
1361,5
1448,14
3999,18
5442,2
6966,18
9141,14
2015,14
8343,14
1604,10
3688,14
6065,5
6553,18
7889,18
6053,7
9231,12
4405,10
8804,3
6230,10
3501,10
8333,3
8933,9
9288,18
1971,14
9185,18
2242,3
3508,14
5515,14
3246,3
3067,18
4909,18
6928,14
8274,14
9516,18
3228,3
5920,9
4741,18
3934,14
5523,17
3463,14
2991,10
7050,4
8603,2
1538,10
8064,3
5969,18
8049,16
9332,14
9407,3
9082,14
5081,5
3567,18
1599,3
4806,5
9506,14
1789,3
3008,5
2048,10
3605,5
2074,3
9918,14
2429,14
5772,14
8198,14
1983,14
6605,14
3877,5
9583,14
1954,10
8097,7
1293,3
4912,3
4429,4
4693,14
5380,10
8222,14
4168,5
7698,18
8285,18
8517,9
9713,3
5353,5
2931,14
3064,3
2285,3
7633,3
9405,3
4952,10
4830,10
4996,18
7095,10
7290,3
1560,18
3629,5
5720,10
4879,14
4263,14
4335,3
8600,14
2131,10
8901,14
4859,10
6098,7
5848,10
6945,3
4798,18
5655,10
8091,14
8969,3
2853,10
1620,10
7410,5
7970,9
3765,14
1566,14
1508,14
2334,14
5909,9
4875,2
1324,5
1091,18
3152,14
1215,7
7342,18
9921,9
7217,17
3710,10
8083,18
7703,5
4698,3
6393,3
1458,19
2446,14
8489,18
9575,18
8846,14
9401,5
7934,18
9596,3
2396,9
5983,10
3153,5
6183,3
1933,10
7968,13
3744,5
9865,14
8374,5
4915,18
1283,5
8758,3
6879,3
7965,5
2068,3
9339,14
2119,3
5348,14
2591,10
3116,10
7637,10
9545,14
6751,5
2155,5
1322,5
2795,17
9814,14
1268,3
2834,14
1076,14
2970,10
7206,14
2042,18
8516,19
7184,1
2717,9
8942,1
6256,2
1567,1
9672,1
3942,9
5413,1
3002,10
1403,3
1438,14
7627,5
7614,3
7621,18
4245,14
6275,18
8057,18
2939,18
2127,5
7795,14
3734,3
7887,18
6070,3
2018,3
1499,14
7885,10
9887,18
5255,14
1741,18
2595,14
6912,14
6088,3
4357,18
8951,3
6119,3
3777,14
8111,5
5401,18
4011,5
1783,10
4893,14
5419,3
3625,5
4634,14
4395,14
8059,18
1603,3
6185,5
7943,3
7073,3
2666,5
1915,18
5292,14
3232,18
7853,3
4605,5
9590,10
3430,3
3176,14
5473,4
1782,14
6108,3
7103,3
7069,18
1931,18
2938,5
7803,3
1658,18
3707,18
9657,3
3304,5
9659,14
3971,18
4116,3
4106,18
9957,5
1478,18
6629,18
8225,3
8871,18
7467,14
3958,18
8106,3
6106,14
3742,14
8256,18
9982,18
9898,14
